Strategy,Sequential,Concurrent
500,59.81675365,59.81763841
1000,58.29400884,42.02944541
1500,23.43298636,25.2893228
2000,22.30058794,17.27203864
2500,17.1871315,16.32143612