Strategy,CSharp Correct,CSharp Incorrect
500,59.81675365,54.04
1000,58.29400884,51.33
1500,23.43298636,21.17
2000,22.30058794,16.23
2500,17.1871315,10.89