Strategy,Mono,il2cpp
Csharp Normal,56.33092784,59.369055
Csharp Inverse,55.69579413,59.40097074
Fsharp Normal,56.12089598,57.92159617
FRP Inverse,6.175942494,5.854799132
