Strategy,Csharp Normal,Csharp Inverse,Fsharp Normal,FRP Inverse
50,56.05766336,56.4082392,56.50148956,28.63297292
100,56.50443631,56.52459152,56.11638933,16.10381913
150,56.33891972,55.90188394,53.43607086,9.962563714
200,56.6687006,56.72577682,56.07015463,7.729348496
250,56.33092784,55.69579413,56.12089598,6.175942494
