Strategy,Csharp Normal,Csharp Inverse,Fsharp Normal,FRP Inverse
Mono,56.33092784,55.69579413,56.12089598,6.175942494
il2cpp,59.369055,59.40097074,57.92159617,5.854799132
